ID,Category,Name,Method,MethodArgument,RegistryPath,RegistryItem,ClassName,Namespace,Property,DefaultValue,RecommendedValue,Operator,Severity
V-63415,"Account Policies","Length of password history maintained",accountpolicy,,,,,,,None,24,=,Medium
V-63419,"Account Policies","Maximum password age",accountpolicy,,,,,,,42,60,=,Medium
V-63421,"Account Policies","Minimum password age",accountpolicy,,,,,,,0,1,=,Medium
V-63423,"Account Policies","Minimum password length",accountpolicy,,,,,,,0,14,=,Medium
V-63427,"Account Policies","Password must meet complexity requirements",secedit,"System Access\PasswordComplexity",,,,,,0,1,=,Medium
V-63429,"Account Policies","Store passwords using reversible encryption",secedit,"System Access\ClearTextPassword",,,,,,0,0,=,High
V-63405,"Account Policies","Account lockout duration",accountpolicy,,,,,,,30,15,=,Medium
V-63409,"Account Policies","Account lockout threshold",accountpolicy,,,,,,,Never,3,=,Medium
V-63413,"Account Policies","Reset account lockout counter",accountpolicy,,,,,,,30,15,=,Medium
V-63843,"User Rights Assignment","Access Credential Manager as a trusted caller",accesschk,SeTrustedCredManAccessPrivilege,,,,,,,,=,Medium
V-63845,"User Rights Assignment","Access this computer from the network",accesschk,SeNetworkLogonRight,,,,,,"BUILTIN\Backup Operators;BUILTIN\Users;BUILTIN\Administrators;Everyone","BUILTIN\Remote Desktop Users;BUILTIN\Administrators",=,Medium
V-63847,"User Rights Assignment","Act as part of the operating system",accesschk,SeTcbPrivilege,,,,,,,,=,High
V-63851,"User Rights Assignment","Allow log on locally",accesschk,SeInteractiveLogonRight,,,,,,"BUILTIN\Backup Operators;BUILTIN\Users;BUILTIN\Administrators;COMPUTERNAME\Guest",BUILTIN\Users;BUILTIN\Administrators,=,Medium
V-63853,"User Rights Assignment","Back up files and directories",accesschk,SeBackupPrivilege,,,,,,"BUILTIN\Administrators;BUILTIN\Backup Operators",BUILTIN\Administrators,=,Medium
V-63855,"User Rights Assignment","Change the system time",accesschk,SeSystemTimePrivilege,,,,,,"BUILTIN\Administrators;NT AUTHORITY\LOCAL SERVICE","BUILTIN\Administrators;NT AUTHORITY\LOCAL SERVICE;NT SERVICE\autotimesvc",=,Medium
V-63857,"User Rights Assignment","Create a pagefile",accesschk,SeCreatePagefilePrivilege,,,,,,BUILTIN\Administrators,BUILTIN\Administrators,=,Medium
V-63859,"User Rights Assignment","Create a token object",accesschk,SeCreateTokenPrivilege,,,,,,,,=,High
V-63861,"User Rights Assignment","Create global objects",accesschk,SeCreateGlobalPrivilege,,,,,,"NT AUTHORITY\SERVICE;BUILTIN\Administrators;NT AUTHORITY\NETWORK SERVICE;NT AUTHORITY\LOCAL SERVICE","NT AUTHORITY\SERVICE;BUILTIN\Administrators;NT AUTHORITY\NETWORK SERVICE;NT AUTHORITY\LOCAL SERVICE",=,Medium
V-63863,"User Rights Assignment","Create permanent shared objects",accesschk,SeCreatePermanentPrivilege,,,,,,,,=,Medium
V-63865,"User Rights Assignment","Create symbolic links",accesschk,SeCreateSymbolicLinkPrivilege,,,,,,BUILTIN\Administrators,BUILTIN\Administrators,=,Medium
V-63869,"User Rights Assignment","Debug programs",accesschk,SeDebugPrivilege,,,,,,BUILTIN\Administrators,BUILTIN\Administrators,=,High
V-63871,"User Rights Assignment","Deny access to this computer from the network",accesschk,SeDenyNetworkLogonRight,,,,,,COMPUTERNAME\Guest,"Guest;NT AUTHORITY\Local account;Domain Admins;Enterprise Admins",=,Medium
V-63873,"User Rights Assignment","Deny log on as a batch job",accesschk,SeDenyBatchLogonRight,,,,,,,"Domain Admins;Enterprise Admins",=,Medium
V-63875,"User Rights Assignment","Deny log on as a service",accesschk,SeDenyServiceLogonRight,,,,,,,"Domain Admins;Enterprise Admins",=,Medium
V-63877,"User Rights Assignment","Deny log on locally",accesschk,SeDenyInteractiveLogonRight,,,,,,BUILTIN\Guests,"BUILTIN\Guests;Domain Admins;Enterprise Admins",=,Medium
V-63879,"User Rights Assignment","Deny log on through Remote Desktop Services",accesschk,SeDenyRemoteInteractiveLogonRight,,,,,,,"NT AUTHORITY\Local account;BUILTIN\Guests;Domain Admins;Enterprise Admins",=,Medium
V-63881,"User Rights Assignment","Enable computer and user accounts to be trusted for delegation",accesschk,SeEnableDelegationPrivilege,,,,,,,,=,Medium
V-63883,"User Rights Assignment","Force shutdown from a remote system",accesschk,SeRemoteShutdownPrivilege,,,,,,BUILTIN\Administrators,BUILTIN\Administrators,=,Medium
V-63889,"User Rights Assignment","Impersonate a client after authentication",accesschk,SeImpersonatePrivilege,,,,,,"NT AUTHORITY\SERVICE;BUILTIN\Administrators;NT AUTHORITY\NETWORK SERVICE;NT AUTHORITY\LOCAL SERVICE","NT AUTHORITY\SERVICE;BUILTIN\Administrators;NT AUTHORITY\NETWORK SERVICE;NT AUTHORITY\LOCAL SERVICE",=,Medium
V-63917,"User Rights Assignment","Load and unload device drivers",accesschk,SeLoadDriverPrivilege,,,,,,BUILTIN\Administrators,BUILTIN\Administrators,=,Medium
V-63925,"User Rights Assignment","Lock pages in memory",accesschk,SeLockMemoryPrivilege,,,,,,,,=,Medium
V-63927,"User Rights Assignment","Manage auditing and security log",accesschk,SeSecurityPrivilege,,,,,,BUILTIN\Administrators,BUILTIN\Administrators,=,Medium
V-63931,"User Rights Assignment","Modify firmware environment values",accesschk,SeSystemEnvironmentPrivilege,,,,,,BUILTIN\Administrators,BUILTIN\Administrators,=,Medium
V-63933,"User Rights Assignment","Perform volume maintenance tasks",accesschk,SeManageVolumePrivilege,,,,,,BUILTIN\Administrators,BUILTIN\Administrators,=,Medium
V-63935,"User Rights Assignment","Profile single process",accesschk,SeProfileSingleProcessPrivilege,,,,,,BUILTIN\Administrators,BUILTIN\Administrators,=,Medium
V-63939,"User Rights Assignment","Restore files and directories",accesschk,SeRestorePrivilege,,,,,,"BUILTIN\Backup Operators;BUILTIN\Administrators",BUILTIN\Administrators,=,Medium
V-63941,"User Rights Assignment","Take ownership of files or other objects",accesschk,SeTakeOwnershipPrivilege,,,,,,BUILTIN\Administrators,BUILTIN\Administrators,=,Medium
V-63601,"Security Options","Accounts: Administrator account status",localaccount,500,,,,,,False,False,=,Medium
V-63611,"Security Options","Accounts: Guest account status",localaccount,501,,,,,,False,False,=,Medium
V-63617,"Security Options","Accounts: Limit local account use of blank passwords to console logon only",Registry,,HKLM:\System\CurrentControlSet\Control\Lsa,LimitBlankPasswordUse,,,,1,1,=,Medium
V-63619,"Security Options","Accounts: Rename administrator account",localaccount,500,,,,,,Administrator,X_Admin,=,Medium
V-63625,"Security Options","Accounts: Rename guest account",localaccount,501,,,,,,Guest,Visitor,=,Medium
V-71761,"Security Options","Audit: Force audit policy subcategory settings to override audit policy category settings",Registry,,HKLM:\System\CurrentControlSet\Control\Lsa,SCENoApplyLegacyAuditPolicy,,,,1,1,=,Medium
V-63639,"Security Options","Domain member: Digitally encrypt or sign secure channel data (always)",Registry,,HKLM:\System\CurrentControlSet\Services\Netlogon\Parameters,RequireSignOrSeal,,,,1,1,=,Medium
V-63643,"Security Options","Domain member: Digitally encrypt secure channel data (when possible)",Registry,,HKLM:\System\CurrentControlSet\Services\Netlogon\Parameters,SealSecureChannel,,,,1,1,=,Medium
V-63647,"Security Options","Domain member: Digitally sign secure channel data (when possible)",Registry,,HKLM:\System\CurrentControlSet\Services\Netlogon\Parameters,SignSecureChannel,,,,1,1,=,Medium
V-63653,"Security Options","Domain member: Disable machine account password changes",Registry,,HKLM:\System\CurrentControlSet\Services\Netlogon\Parameters,DisablePasswordChange,,,,0,0,=,Low
V-63661,"Security Options","Domain member: Maximum machine account password age",Registry,,HKLM:\System\CurrentControlSet\Services\Netlogon\Parameters,MaximumPasswordAge,,,,30,30,=,Low
V-63665,"Security Options","Domain member: Require strong (Windows 2000 or later) session key",Registry,,HKLM:\System\CurrentControlSet\Services\Netlogon\Parameters,RequireStrongKey,,,,1,1,=,Medium
V-63669,"Security Options","Interactive logon: Machine inactivity limit",Registry,,HKLM:\SOFTWARE\Microsoft\Windows\CurrentVersion\Policies\System,InactivityTimeoutSecs,,,,900,900,=,Medium
V-63675,"Security Options","Interactive logon: Message text for users attempting to log on",Registry,,HKLM:\SOFTWARE\Microsoft\Windows\CurrentVersion\Policies\System,LegalNoticeText,,,,,"You are accessing a U.S. Government (USG) Information System (IS) that is provided for USG-authorized use only., By using this IS (which includes any device attached to this IS), you consent to the following conditions:, -The USG routinely intercepts and monitors communications on this IS for purposes including, but not limited to, penetration testing, COMSEC monitoring, network operations and defense, personnel misconduct (PM), law enforcement (LE), and counterintelligence (CI) investigations., -At any time, the USG may inspect and seize data stored on this IS., -Communications using, or data stored on, this IS are not private, are subject to routine monitoring, interception, and search, and may be disclosed or used for any USG-authorized purpose., -This IS includes security measures (e.g., authentication and access controls) to protect USG interests--not for your personal benefit or privacy., -Notwithstanding the above, using this IS does not constitute consent to PM, LE or CI investigative searching or monitoring of the content of privileged communications, or work product, related to personal representation or services by attorneys, psychotherapists, or clergy, and their assistants. Such communications and work product are private and confidential. See User Agreement for details.",=,Medium
V-63681,"Security Options","Interactive logon: Message title for users attempting to log on",Registry,,HKLM:\SOFTWARE\Microsoft\Windows\CurrentVersion\Policies\System,LegalNoticeCaption,,,,,"US Department of Defense Warning Statement",=,Low
V-63687,"Security Options","Interactive logon: Number of previous logons to cache (in case domain controller is not available)",Registry,,"HKLM:\SOFTWARE\Microsoft\Windows NT\CurrentVersion\Winlogon",CachedLogonsCount,,,,10,10,=,Low
V-63697,"Security Options","Interactive logon: Smart card removal behavior",Registry,,"HKLM:\Software\Microsoft\Windows NT\CurrentVersion\Winlogon",ScRemoveOption,,,,0,1,=,Medium
V-63703,"Security Options","Microsoft network client: Digitally sign communications (always)",Registry,,HKLM:\System\CurrentControlSet\Services\LanmanWorkstation\Parameters,RequireSecuritySignature,,,,0,1,=,Medium
V-63711,"Security Options","Microsoft network client: Send unencrypted password to third-party SMB servers",Registry,,HKLM:\System\CurrentControlSet\Services\LanmanWorkstation\Parameters,EnablePlainTextPassword,,,,0,0,=,Medium
V-63719,"Security Options","Microsoft network server: Digitally sign communications (always)",Registry,,HKLM:\System\CurrentControlSet\Services\LanManServer\Parameters,RequireSecuritySignature,,,,0,1,=,Medium
V-63739,"Security Options","Network access: Allow anonymous SID/Name translation",secedit,"System Access\LSAAnonymousNameLookup",,,,,,0,0,=,High
V-63745,"Security Options","Network access: Do not allow anonymous enumeration of SAM accounts",Registry,,HKLM:\System\CurrentControlSet\Control\Lsa,RestrictAnonymousSAM,,,,1,1,=,High
V-63749,"Security Options","Network access: Do not allow anonymous enumeration of SAM accounts and shares",Registry,,HKLM:\System\CurrentControlSet\Control\Lsa,RestrictAnonymous,,,,0,1,=,High
V-63755,"Security Options","Network access: Let Everyone permissions apply to anonymous users",Registry,,HKLM:\System\CurrentControlSet\Control\Lsa,EveryoneIncludesAnonymous,,,,0,0,=,Medium
V-63759,"Security Options","Network access: Restrict anonymous access to Named Pipes and Shares",Registry,,HKLM:\System\CurrentControlSet\Services\LanManServer\Parameters,RestrictNullSessAccess,,,,1,1,=,High
V-71769,"Security Options","Network access: Restrict clients allowed to make remote calls to SAM",Registry,,HKLM:\System\CurrentControlSet\Control\Lsa,RestrictRemoteSAM,,,,,O:BAG:BAD:(A;;RC;;;BA),=,Medium
V-63765,"Security Options","Network security: Allow LocalSystem NULL session fallback",Registry,,HKLM:\System\CurrentControlSet\Control\Lsa\MSV1_0,allownullsessionfallback,,,,0,0,=,Medium
V-63767,"Security Options","Network security: Allow PKU2U authentication requests to this computer to use online identities",Registry,,HKLM:\System\CurrentControlSet\Control\Lsa\pku2u,AllowOnlineID,,,,,0,=,Medium
V-63795,"Security Options","Network security: Configure encryption types allowed for Kerberos",Registry,,HKLM:\SOFTWARE\Microsoft\Windows\CurrentVersion\Policies\System\Kerberos\Parameters,SupportedEncryptionTypes,,,,2147483644,2147483640,=,Medium
V-63797,"Security Options","Network security: Do not store LAN Manager hash value on next password change",Registry,,HKLM:\System\CurrentControlSet\Control\Lsa,NoLMHash,,,,1,1,=,High
V-63801,"Security Options","Network security: LAN Manager authentication level",Registry,,HKLM:\System\CurrentControlSet\Control\Lsa,LmCompatibilityLevel,,,,3,5,=,High
V-63803,"Security Options","Network security: LDAP client signing requirements",Registry,,HKLM:\System\CurrentControlSet\Services\LDAP,LDAPClientIntegrity,,,,1,1,>=,Medium
V-63805,"Security Options","Network security: Minimum session security for NTLM SSP based (including secure RPC) clients",Registry,,HKLM:\System\CurrentControlSet\Control\Lsa\MSV1_0,NTLMMinClientSec,,,,536870912,537395200,=,Medium
V-63807,"Security Options","Network security: Minimum session security for NTLM SSP based (including secure RPC) servers",Registry,,HKLM:\System\CurrentControlSet\Control\Lsa\MSV1_0,NTLMMinServerSec,,,,536870912,537395200,=,Medium
V-63811,"Security Options","System cryptography: Use FIPS compliant algorithms for encryption, hashing, and signing",Registry,,HKLM:\SYSTEM\CurrentControlSet\Control\Lsa\FIPSAlgorithmPolicy,Enabled,,,,,1,=,Medium
V-220943,"Security Options","System objects: Strengthen default permissions of internal system objects (e.g. Symbolic Links)",Registry,,"HKLM:\System\CurrentControlSet\Control\Session Manager",ProtectionMode,,,,1,1,=,Low
V-63817,"Security Options","User Account Control: Admin Approval Mode for the Built-in Administrator account",Registry,,HKLM:\SOFTWARE\Microsoft\Windows\CurrentVersion\Policies\System,FilterAdministratorToken,,,,0,1,=,Medium
V-63819,"Security Options","User Account Control: Behavior of the elevation prompt for administrators in Admin Approval Mode",Registry,,HKLM:\SOFTWARE\Microsoft\Windows\CurrentVersion\Policies\System,ConsentPromptBehaviorAdmin,,,,5,2,=,Medium
V-63821,"Security Options","User Account Control: Behavior of the elevation prompt for standard users",Registry,,HKLM:\SOFTWARE\Microsoft\Windows\CurrentVersion\Policies\System,ConsentPromptBehaviorUser,,,,0,0,=,Medium
V-63825,"Security Options","User Account Control: Detect application installations and prompt for elevation",Registry,,HKLM:\SOFTWARE\Microsoft\Windows\CurrentVersion\Policies\System,EnableInstallerDetection,,,,1,1,=,Medium
V-63827,"Security Options","User Account Control: Only elevate UIAccess applications that are installed in secure locations",Registry,,HKLM:\SOFTWARE\Microsoft\Windows\CurrentVersion\Policies\System,EnableSecureUIAPaths,,,,1,1,=,Medium
V-63829,"Security Options","User Account Control: Run all administrators in Admin Approval Mode",Registry,,HKLM:\SOFTWARE\Microsoft\Windows\CurrentVersion\Policies\System,EnableLUA,,,,1,1,=,Medium
V-63831,"Security Options","User Account Control: Virtualize file and registry write failures to per-user locations",Registry,,HKLM:\SOFTWARE\Microsoft\Windows\CurrentVersion\Policies\System,EnableVirtualization,,,,1,1,=,Medium
V-74719,"System Services","Secondary Logon (seclogon)",Registry,,HKLM:\SYSTEM\CurrentControlSet\Services\seclogon,Start,,,,3,4,=,Medium
V-74719,"System Services","Secondary Logon (seclogon) (Service Startup type)",service,seclogon,,,,,,Manual,Disabled,=,Medium
"V-63431 / V-63435","Advanced Audit Policy Configuration","Credential Validation",auditpol,{0CCE923F-69AE-11D9-BED3-505054503030},,,,,,"No Auditing","Success and Failure",=,Medium
V-63445,"Advanced Audit Policy Configuration","Security Group Management",auditpol,{0CCE9237-69AE-11D9-BED3-505054503030},,,,,,Success,Success,contains,Medium
"V-63447 / V-63449","Advanced Audit Policy Configuration","User Account Management",auditpol,{0CCE9235-69AE-11D9-BED3-505054503030},,,,,,Success,"Success and Failure",=,Medium
V-63451,"Advanced Audit Policy Configuration","Plug and Play Events",auditpol,{0cce9248-69ae-11d9-bed3-505054503030},,,,,,"No Auditing",Success,contains,Medium
V-63453,"Advanced Audit Policy Configuration","Process Creation",auditpol,{0CCE922B-69AE-11D9-BED3-505054503030},,,,,,"No Auditing",Success,contains,Medium
V-71759,"Advanced Audit Policy Configuration","Account Lockout",auditpol,{0CCE9217-69AE-11D9-BED3-505054503030},,,,,,Success,Failure,contains,Medium
V-63457,"Advanced Audit Policy Configuration","Group Membership",auditpol,{0cce9249-69ae-11d9-bed3-505054503030},,,,,,"No Auditing",Success,contains,Medium
V-63459,"Advanced Audit Policy Configuration",Logoff,auditpol,{0CCE9216-69AE-11D9-BED3-505054503030},,,,,,Success,Success,contains,Medium
"V-63463 / V-63467","Advanced Audit Policy Configuration",Logon,auditpol,{0CCE9215-69AE-11D9-BED3-505054503030},,,,,,"Success and Failure","Success and Failure",=,Medium
"V-99541 / V-99543","Advanced Audit Policy Configuration","Other Logon/Logoff Events",auditpol,{0CCE921C-69AE-11D9-BED3-505054503030},,,,,,"No Auditing","Success and Failure",=,Medium
V-63469,"Advanced Audit Policy Configuration","Special Logon",auditpol,{0CCE921B-69AE-11D9-BED3-505054503030},,,,,,Success,Success,contains,Medium
V-99545,"Advanced Audit Policy Configuration","Detailed File Share",auditpol,{0CCE9244-69AE-11D9-BED3-505054503030},,,,,,"No Auditing",Failure,contains,Medium
"V-74721 / V-75027","Advanced Audit Policy Configuration","File Share",auditpol,{0CCE9224-69AE-11D9-BED3-505054503030},,,,,,"No Auditing","Success and Failure",=,Medium
"V-74409 / V-74411","Advanced Audit Policy Configuration","Other Object Access Events",auditpol,{0CCE9227-69AE-11D9-BED3-505054503030},,,,,,"No Auditing","Success and Failure",=,Medium
"V-63471 / V-63473","Advanced Audit Policy Configuration","Removable Storage",auditpol,{0CCE9245-69AE-11D9-BED3-505054503030},,,,,,"No Auditing","Success and Failure",=,Medium
V-63479,"Advanced Audit Policy Configuration","Audit Policy Change",auditpol,{0CCE922F-69AE-11D9-BED3-505054503030},,,,,,Success,Success,contains,Medium
V-63481,"Advanced Audit Policy Configuration","Authentication Policy Change",auditpol,{0CCE9230-69AE-11D9-BED3-505054503030},,,,,,Success,Success,contains,Medium
V-71761,"Advanced Audit Policy Configuration","Authorization Policy Change",auditpol,{0CCE9231-69AE-11D9-BED3-505054503030},,,,,,"No Auditing",Success,contains,Medium
"V-99547 / V-99549","Advanced Audit Policy Configuration","MPSSVC Rule-Level Policy Change",auditpol,{0CCE9232-69AE-11D9-BED3-505054503030},,,,,,"No Auditing","Success and Failure",=,Medium
V-99553,"Advanced Audit Policy Configuration","Other Policy Change Events",auditpol,{0CCE9234-69AE-11D9-BED3-505054503030},,,,,,"No Auditing",Failure,contains,Medium
"V-63483 / V-63487","Advanced Audit Policy Configuration","Sensitive Privilege Use",auditpol,{0CCE9228-69AE-11D9-BED3-505054503030},,,,,,"No Auditing","Success and Failure",=,Medium
V-63491,"Advanced Audit Policy Configuration","IPsec Driver",auditpol,{0CCE9213-69AE-11D9-BED3-505054503030},,,,,,"No Auditing",Failure,contains,Medium
"V-63499 / V-63503","Advanced Audit Policy Configuration","Other System Events",auditpol,{0CCE9214-69AE-11D9-BED3-505054503030},,,,,,"Success and Failure","Success and Failure",=,Medium
V-63507,"Advanced Audit Policy Configuration","Security State Change",auditpol,{0CCE9210-69AE-11D9-BED3-505054503030},,,,,,Success,Success,contains,Medium
V-63513,"Advanced Audit Policy Configuration","Security System Extension",auditpol,{0CCE9211-69AE-11D9-BED3-505054503030},,,,,,"No Auditing",Success,contains,Medium
"V-63515 / V-63517","Advanced Audit Policy Configuration","System Integrity",auditpol,{0CCE9212-69AE-11D9-BED3-505054503030},,,,,,"Success and Failure","Success and Failure",=,Medium
V-63545,"Administrative Templates: Control Panel","Personalization: Prevent enabling lock screen camera",Registry,,HKLM:\Software\Policies\Microsoft\Windows\Personalization,NoLockScreenCamera,,,,0,1,=,Medium
V-63549,"Administrative Templates: Control Panel","Personalization: Prevent enabling lock screen slide show",Registry,,HKLM:\Software\Policies\Microsoft\Windows\Personalization,NoLockScreenSlideshow,,,,0,1,=,Low
V-63597,"MS Security Guide","Apply UAC restrictions to local accounts on network logons",Registry,,HKLM:\SOFTWARE\Microsoft\Windows\CurrentVersion\Policies\System,LocalAccountTokenFilterPolicy,,,,,0,=,Medium
V-74725,"MS Security Guide","Configure SMB v1 client driver",Registry,,HKLM:\SYSTEM\CurrentControlSet\Services\MrxSmb10,Start,,,,1,4,=,Medium
V-74723,"MS Security Guide","Configure SMB v1 server",Registry,,HKLM:\SYSTEM\CurrentControlSet\Services\LanmanServer\Parameters,SMB1,,,,1,0,=,Medium
V-68849,"MS Security Guide","Enable Structured Exception Handling Overwrite Protection (SEHOP)",Registry,,"HKLM:\SYSTEM\CurrentControlSet\Control\Session Manager\kernel",DisableExceptionChainValidation,,,,0,0,=,High
V-72329,"MS Security Guide","Remove ""Run As Different User"" from context menus (batfile)",Registry,,HKLM:\SOFTWARE\Classes\batfile\shell\runasuser," SuppressionPolicy",,,,,1000,=,Medium
V-72329,"MS Security Guide","Remove ""Run As Different User"" from context menus (cmdfile)",Registry,,HKLM:\SOFTWARE\Classes\cmdfile\shell\runasuser," SuppressionPolicy",,,,,1000,=,Medium
V-72329,"MS Security Guide","Remove ""Run As Different User"" from context menus (exefile)",Registry,,HKLM:\SOFTWARE\Classes\exefile\shell\runasuser," SuppressionPolicy",,,,,1000,=,Medium
V-72329,"MS Security Guide","Remove ""Run As Different User"" from context menus (mscfile)",Registry,,HKLM:\SOFTWARE\Classes\mscfile\shell\runasuser," SuppressionPolicy",,,,,1000,=,Medium
V-71763,"MS Security Guide","WDigest Authentication",Registry,,HKLM:\SYSTEM\CurrentControlSet\Control\SecurityProviders\WDigest,UseLogonCredential,,,,0,0,=,Medium
V-63555,"MSS (Legacy)","MSS: (DisableIPSourceRouting IPv6) IP source routing protection level (protects against packet spoofing)",Registry,,HKLM:\System\CurrentControlSet\Services\Tcpip6\Parameters,DisableIPSourceRouting,,,,0,2,=,Medium
V-63559,"MSS (Legacy)","MSS: (DisableIPSourceRouting) IP source routing protection level (protects against packet spoofing)",Registry,,HKLM:\System\CurrentControlSet\Services\Tcpip\Parameters,DisableIPSourceRouting,,,,1,2,=,Medium
V-63563,"MSS (Legacy)","MSS: (EnableICMPRedirect) Allow ICMP redirects to override OSPF generated routes",Registry,,HKLM:\System\CurrentControlSet\Services\Tcpip\Parameters,EnableICMPRedirect,,,,1,0,=,Low
V-63567,"MSS (Legacy)","MSS: (NoNameReleaseOnDemand) Allow the computer to ignore NetBIOS name release requests except from WINS servers",Registry,,HKLM:\System\CurrentControlSet\Services\Netbt\Parameters,NoNameReleaseOnDemand,,,,0,1,=,Low
V-63569,"Administrative Templates: Network","Lanman Workstation: Enable insecure guest logons",Registry,,HKLM:\Software\Policies\Microsoft\Windows\LanmanWorkstation,AllowInsecureGuestAuth,,,,1,0,=,Medium
V-71765,"Administrative Templates: Network","Network Connections: Prohibit use of Internet Connection Sharing on your DNS domain network",Registry,,"HKLM:\Software\Policies\Microsoft\Windows\Network Connections",NC_ShowSharedAccessUI,,,,1,0,=,Medium
V-63577,"Administrative Templates: Network","Network Provider: Hardened UNC Paths (NETLOGON)",Registry,,HKLM:\Software\Policies\Microsoft\Windows\NetworkProvider\HardenedPaths,\\*\NETLOGON,,,,,"RequireMutualAuthentication=1, RequireIntegrity=1",=,Medium
V-63577,"Administrative Templates: Network","Network Provider: Hardened UNC Paths (SYSVOL)",Registry,,HKLM:\Software\Policies\Microsoft\Windows\NetworkProvider\HardenedPaths,\\*\SYSVOL,,,,,"RequireMutualAuthentication=1, RequireIntegrity=1",=,Medium
V-74413,"Administrative Templates: Network","SSL Configuration Settings: ECC Curve Order",Registry,,HKLM:\SOFTWARE\Policies\Microsoft\Cryptography\Configuration\SSL\00010002,EccCurves,,,,,NistP384;NistP256,=,Medium
V-71765,"Administrative Templates: Network","Windows Connection Manager: Prohibit connection to non-domain networks when connected to domain authenticated network",Registry,,HKLM:\Software\Policies\Microsoft\Windows\WcmSvc\GroupPolicy,fBlockNonDomain,,,,0,1,=,Medium
V-63591,"Administrative Templates: Network","WLAN Settings: Allow Windows to automatically connect to suggested open hotspots, to networks shared by contacts, and to hotspots offering paid services",Registry,,HKLM:\Software\Microsoft\wcmsvc\wifinetworkmanager\config,AutoConnectAllowedOEM,,,,1,0,=,Medium
V-68817,"Administrative Templates: System","Audit Process Creation: Include command line in process creation events",Registry,,HKLM:\SOFTWARE\Microsoft\Windows\CurrentVersion\Policies\System\Audit,ProcessCreationIncludeCmdLine_Enabled,,,,0,0,=,Medium
V-74699,"Administrative Templates: System","Credentials Delegation: Remote host allows delegation of non-exportable credentials",Registry,,HKLM:\Software\Policies\Microsoft\Windows\CredentialsDelegation,AllowProtectedCreds,,,,0,1,=,Medium
V-63595,"Administrative Templates: System","Device Guard: Turn On Virtualization Based Security (Policy)",Registry,,HKLM:\SOFTWARE\Policies\Microsoft\Windows\DeviceGuard,EnableVirtualizationBasedSecurity,,,,,1,=,Low
V-63595,"Administrative Templates: System","Device Guard: Select Platform Security Level (Policy)",Registry,,HKLM:\SOFTWARE\Policies\Microsoft\Windows\DeviceGuard,RequirePlatformSecurityFeatures,,,,,1,=,Low
V-63603,"Administrative Templates: System","Device Guard: Virtualization Based Protection of Code Integrity (Policy)",Registry,,HKLM:\SOFTWARE\Policies\Microsoft\Windows\DeviceGuard,HypervisorEnforcedCodeIntegrity,,,,,1,=,Low
V-77083,"Administrative Templates: System","Device Guard: Require UEFI Memory Attributes Table (Policy)",Registry,,HKLM:\SOFTWARE\Policies\Microsoft\Windows\DeviceGuard,HVCIMATRequired,,,,,0,=,Low
V-63599,"Administrative Templates: System","Device Guard: Credential Guard Configuration (Policy)",Registry,,HKLM:\SOFTWARE\Policies\Microsoft\Windows\DeviceGuard,LsaCfgFlags,,,,,1,=,High
V-63607,"Administrative Templates: System","Early Launch Antimalware: Boot-Start Driver Initialization Policy",Registry,,HKLM:\System\CurrentControlSet\Policies\EarlyLaunch,DriverLoadPolicy,,,,0,3,=,Medium
V-63609,"Administrative Templates: System","Group Policy: Do not apply during periodic background processing",Registry,,"HKLM:\Software\Policies\Microsoft\Windows\Group Policy\{35378EAC-683F-11D2-A89A-00C04FBBCFA2}",NoGPOListChanges,,,,0,0,=,Medium
V-63609,"Administrative Templates: System","Group Policy: Process even if the Group Policy objects have not changed",Registry,,"HKLM:\Software\Policies\Microsoft\Windows\Group Policy\{35378EAC-683F-11D2-A89A-00C04FBBCFA2}",NoBackgroundPolicy,,,,1,0,=,Medium
V-63615,"Administrative Templates: System","Internet Communication Management: Internet Communication settings: Turn off downloading of print drivers over HTTP",Registry,,"HKLM:\Software\Policies\Microsoft\Windows NT\Printers",DisableWebPnPDownload,,,,0,1,=,Medium
V-63621,"Administrative Templates: System","Internet Communication Management: Internet Communication settings: Turn off Internet download for Web publishing and online ordering wizards",Registry,,HKLM:\Software\Microsoft\Windows\CurrentVersion\Policies\Explorer,NoWebServices,,,,0,1,=,Medium
V-63623,"Administrative Templates: System","Internet Communication Management: Internet Communication settings: Turn off printing over HTTP",Registry,,"HKLM:\SOFTWARE\Policies\Microsoft\Windows NT\Printers",DisableHTTPPrinting,,,,0,1,=,Medium
V-99557,"Administrative Templates: System","Kernel DMA Protection: Enumeration policy for external devices incompatible with Kernel DMA Protection",Registry,,"HKLM:\SOFTWARE\Policies\Microsoft\Windows\Kernel DMA Protection",DeviceEnumerationPolicy,,,,2,0,=,Medium
V-63629,"Administrative Templates: System","Logon: Do not display network selection UI",Registry,,HKLM:\Software\Policies\Microsoft\Windows\System,DontDisplayNetworkSelectionUI,,,,0,1,=,Medium
V-63633,"Administrative Templates: System","Logon: Enumerate local users on domain-joined computers",Registry,,HKLM:\Software\Policies\Microsoft\Windows\System,EnumerateLocalUsers,,,,0,0,=,Medium
V-99559,"Administrative Templates: System","Logon: Turn on convenience PIN sign-in",Registry,,HKLM:\Software\Policies\Microsoft\Windows\System,AllowDomainPINLogon,,,,1,0,=,Medium
V-63721,"Administrative Templates: System","PIN Complexity: Minimum PIN length",Registry,,HKLM:\SOFTWARE\Policies\Microsoft\PassportForWork\PINComplexity,MinimumPINLength,,,,,6,=,Medium
V-63645,"Administrative Templates: System","Sleep Settings: Require a password when a computer wakes (on battery)",Registry,,HKLM:\Software\Policies\Microsoft\Power\PowerSettings\0e796bdb-100d-47d6-a2d5-f7d2daa51f51,DCSettingIndex,,,,0,1,=,Medium
V-63649,"Administrative Templates: System","Sleep Settings: Require a password when a computer wakes (plugged in)",Registry,,HKLM:\Software\Policies\Microsoft\Power\PowerSettings\0e796bdb-100d-47d6-a2d5-f7d2daa51f51,ACSettingIndex,,,,0,1,=,Medium
V-63651,"Administrative Templates: System","Remote Assistance: Configure Solicited Remote Assistance",Registry,,"HKLM:\Software\policies\Microsoft\Windows NT\Terminal Services",fAllowToGetHelp,,,,1,0,=,High
V-63657,"Administrative Templates: System","Remote Procedure Call: Restrict Unauthenticated RPC clients",Registry,,"HKLM:\Software\Policies\Microsoft\Windows NT\Rpc",RestrictRemoteClients,,,,0,1,=,Medium
V-94719,"Administrative Templates: Windows Components","App Privacy: Let Windows apps activate with voice while the system is locked",Registry,,HKLM:\SOFTWARE\Policies\Microsoft\Windows\AppPrivacy,LetAppsActivateWithVoiceAboveLock,,,,0,2,=,Medium
V-63659,"Administrative Templates: Windows Components","App runtime: Allow Microsoft accounts to be optional",Registry,,HKLM:\Software\Microsoft\Windows\CurrentVersion\Policies\System,MSAOptional,,,,0,1,=,Medium
V-63663,"Administrative Templates: Windows Components","Application Compatibility: Turn off Inventory Collector",Registry,,HKLM:\SOFTWARE\Policies\Microsoft\Windows\AppCompat,DisableInventory,,,,0,1,=,Low
V-63667,"Administrative Templates: Windows Components","AutoPlay Policies: Disallow Autoplay for non-volume devices",Registry,,HKLM:\Software\Policies\Microsoft\Windows\Explorer,NoAutoplayfornonVolume,,,,0,1,=,High
V-63671,"Administrative Templates: Windows Components","AutoPlay Policies: Set the default behavior for AutoRun",Registry,,HKLM:\Software\Microsoft\Windows\CurrentVersion\Policies\Explorer,NoAutorun,,,,0,1,=,High
V-63673,"Administrative Templates: Windows Components","AutoPlay Policies: Turn off Autoplay",Registry,,HKLM:\Software\Microsoft\Windows\CurrentVersion\Policies\Explorer,NoDriveTypeAutoRun,,,,0,255,=,High
V-63677,"Administrative Templates: Windows Components","Biometrics: Facial Features: Configure enhanced anti-spoofing",Registry,,HKLM:\SOFTWARE\Policies\Microsoft\Biometrics\FacialFeatures,EnhancedAntiSpoofing,,,,,1,=,Medium
V-94861,"Administrative Templates: Windows Components","BitLocker Drive Encryption: Operating System Drives: Configure minimum PIN length for startup",Registry,,HKLM:\Software\Policies\Microsoft\FVE,MinimumPIN,,,,,6,=,Medium
V-94859,"Administrative Templates: Windows Components","BitLocker Drive Encryption: Operating System Drives: Require additional authentication at startup: Allow BitLocker without a compatible TPM",Registry,,HKLM:\Software\Policies\Microsoft\FVE,EnableBDEWithNoTPM,,,,1,1,=,Medium
V-94859,"Administrative Templates: Windows Components","BitLocker Drive Encryption: Operating System Drives: Require additional authentication at startup: Configure TPM startup",Registry,,HKLM:\Software\Policies\Microsoft\FVE,UseTPM,,,,0,1,=,Medium
V-94859,"Administrative Templates: Windows Components","BitLocker Drive Encryption: Operating System Drives: Require additional authentication at startup: Configure TPM startup PIN",Registry,,HKLM:\Software\Policies\Microsoft\FVE,UseTPMPIN,,,,0,1,=,Medium
V-94859,"Administrative Templates: Windows Components","BitLocker Drive Encryption: Operating System Drives: Require additional authentication at startup: Configure TPM startup key",Registry,,HKLM:\Software\Policies\Microsoft\FVE,UseTPMKey,,,,0,1,=,Medium
V-94859,"Administrative Templates: Windows Components","BitLocker Drive Encryption: Operating System Drives: Require additional authentication at startup: Configure TPM startup key and PIN",Registry,,HKLM:\Software\Policies\Microsoft\FVE,UseTPMKeyPIN,,,,0,1,=,Medium
V-71771,"Administrative Templates: Windows Components","Cloud Content: Turn off Microsoft consumer experiences",Registry,,HKLM:\Software\Policies\Microsoft\Windows\CloudContent,DisableWindowsConsumerFeatures,,,,0,1,=,Low
V-63679,"Administrative Templates: Windows Components","Credential User Interface: Enumerate administrator accounts on elevation",Registry,,HKLM:\SOFTWARE\Microsoft\Windows\CurrentVersion\Policies\CredUI,EnumerateAdministrators,,,,1,0,=,Medium
V-63683,"Administrative Templates: Windows Components","Data Collection and Preview Builds: Allow Diagnostic Data",Registry,,HKLM:\Software\Policies\Microsoft\Windows\DataCollection,AllowTelemetry,,,,2,2,=,Medium
V-65681,"Administrative Templates: Windows Components","Delivery Optimization: Download Mode",Registry,,HKLM:\SOFTWARE\Policies\Microsoft\Windows\DeliveryOptimization,DODownloadMode,,,,1,2,=,Medium
V-63519,"Administrative Templates: Windows Components","Event Log Service: Application: Specify the maximum log file size (KB)",Registry,,HKLM:\Software\Policies\Microsoft\Windows\EventLog\Application,MaxSize,,,,4096,32768,>=,Medium
V-63523,"Administrative Templates: Windows Components","Event Log Service: Security: Specify the maximum log file size (KB)",Registry,,HKLM:\Software\Policies\Microsoft\Windows\EventLog\Security,MaxSize,,,,4096,1024000,>=,Medium
V-63527,"Administrative Templates: Windows Components","Event Log Service: System: Specify the maximum log file size (KB)",Registry,,HKLM:\Software\Policies\Microsoft\Windows\EventLog\System,MaxSize,,,,4096,32768,>=,Medium
V-63709,"Microsoft Edge","Configure Password Manager",Registry,,HKLM:\Software\Policies\Microsoft\MicrosoftEdge\Main,"FormSuggest Passwords",,,,,no,=,Medium
V-63701,"Microsoft Edge","Prevent bypassing Microsoft Defender SmartScreen prompts for files",Registry,,HKLM:\Software\Policies\Microsoft\MicrosoftEdge\PhishingFilter,PreventOverrideAppRepUnknown,,,,,1,=,Medium
V-82139,"Microsoft Edge","Prevent certificate error overrides",Registry,,"HKLM:\Software\Policies\Microsoft\MicrosoftEdge\Internet Settings",PreventCertErrorOverrides,,,,,1,=,Medium
V-63713,"Microsoft Edge","Configure Windows Defender SmartScreen",Registry,,HKLM:\Software\Policies\Microsoft\MicrosoftEdge\PhishingFilter,EnabledV9,,,,,1,=,Medium
V-63699,"Microsoft Edge","Prevent bypassing Microsoft Defender SmartScreen prompts for sites",Registry,,HKLM:\Software\Policies\Microsoft\MicrosoftEdge\PhishingFilter,PreventOverride,,,,,1,=,Medium
V-63729,"Administrative Templates: Windows Components","Remote Desktop Connection Client: Do not allow passwords to be saved",Registry,,"HKLM:\SOFTWARE\Policies\Microsoft\Windows NT\Terminal Services",DisablePasswordSaving,,,,0,1,=,Medium
V-63731,"Administrative Templates: Windows Components","Remote Desktop Session Host: Device and Resource Redirection: Do not allow drive redirection",Registry,,"HKLM:\SOFTWARE\Policies\Microsoft\Windows NT\Terminal Services",fDisableCdm,,,,0,1,=,Medium
V-63733,"Administrative Templates: Windows Components","Remote Desktop Session Host: Security: Always prompt for password upon connection",Registry,,"HKLM:\SOFTWARE\Policies\Microsoft\Windows NT\Terminal Services",fPromptForPassword,,,,0,1,=,Medium
V-63737,"Administrative Templates: Windows Components","Remote Desktop Session Host: Security: Require secure RPC communication",Registry,,"HKLM:\SOFTWARE\Policies\Microsoft\Windows NT\Terminal Services",fEncryptRPCTraffic,,,,0,1,=,Medium
V-63741,"Administrative Templates: Windows Components","Remote Desktop Session Host: Security: Set client connection encryption level",Registry,,"HKLM:\SOFTWARE\Policies\Microsoft\Windows NT\Terminal Services",MinEncryptionLevel,,,,0,3,=,Medium
V-63743,"Administrative Templates: Windows Components","RSS Feeds: Prevent downloading of enclosures",Registry,,"HKLM:\Software\Policies\Microsoft\Internet Explorer\Feeds",DisableEnclosureDownload,,,,0,1,=,Medium
V-63751,"Administrative Templates: Windows Components","Search: Allow indexing of encrypted files",Registry,,"HKLM:\SOFTWARE\Policies\Microsoft\Windows\Windows Search",AllowIndexingEncryptedStoresOrItems,,,,1,0,=,Medium
V-77235,"Microsoft Defender Exploit Guard","Use a common set of exploit protection settings",Registry,,"HKLM:\SOFTWARE\Policies\Microsoft\Windows Defender ExploitGuard\Exploit Protection",ExploitProtectionSettings,,,,,,!=,Medium
V-77235,"Microsoft Defender Exploit Guard","Exploit protection: Override Data Execution Prevention (DEP) (ONEDRIVE.EXE)",ProcessmitigationApplication,ONEDRIVE.EXE/DEP/OverrideDEP,,,,,,,False,=,Medium
V-77235,"Microsoft Defender Exploit Guard","Exploit protection: Override Relocate Images (ASLR) (ONEDRIVE.EXE)",ProcessmitigationApplication,ONEDRIVE.EXE/ASLR/OverrideForceRelocateImages,,,,,,,False,=,Medium
V-77235,"Microsoft Defender Exploit Guard","Exploit protection: Payload: Override Enable Export Address Filter (ONEDRIVE.EXE)",ProcessmitigationApplication,ONEDRIVE.EXE/Payload/OverrideEnableExportAddressFilter,,,,,,,False,=,Medium
V-77235,"Microsoft Defender Exploit Guard","Exploit protection: Payload: Override Enable Export Address Filter Plus (ONEDRIVE.EXE)",ProcessmitigationApplication,ONEDRIVE.EXE/Payload/OverrideEnableExportAddressFilterPlus,,,,,,,False,=,Medium
V-77235,"Microsoft Defender Exploit Guard","Exploit protection: Payload: Override Enable Import Address Filter (ONEDRIVE.EXE)",ProcessmitigationApplication,ONEDRIVE.EXE/Payload/OverrideEnableImportAddressFilter,,,,,,,False,=,Medium
V-77235,"Microsoft Defender Exploit Guard","Exploit protection: Payload: Override Enable ROP Stack Pivot (ONEDRIVE.EXE)",ProcessmitigationApplication,ONEDRIVE.EXE/Payload/OverrideEnableRopStackPivot,,,,,,,False,=,Medium
V-77235,"Microsoft Defender Exploit Guard","Exploit protection: Payload: Override Enable ROP Caller Check (ONEDRIVE.EXE)",ProcessmitigationApplication,ONEDRIVE.EXE/Payload/OverrideEnableRopCallerCheck,,,,,,,False,=,Medium
V-77235,"Microsoft Defender Exploit Guard","Exploit protection: Payload: Override Enable ROP Sim Exec (ONEDRIVE.EXE)",ProcessmitigationApplication,ONEDRIVE.EXE/Payload/OverrideEnableRopSimExec,,,,,,,False,=,Medium
V-77235,"Microsoft Defender Exploit Guard","Exploit protection: ImageLoad: Override Block Remote Images (ONEDRIVE.EXE)",ProcessmitigationApplication,ONEDRIVE.EXE/ImageLoad/OverrideBlockRemoteImageLoads,,,,,,,False,=,Medium
V-77205,"Microsoft Defender Exploit Guard","Exploit protection: Override Data Execution Prevention (DEP) (firefox.exe)",ProcessmitigationApplication,firefox.exe/DEP/OverrideDEP,,,,,,,False,=,Medium
V-77205,"Microsoft Defender Exploit Guard","Exploit protection: Force randomization for images (ASLR) (firefox.exe)",ProcessmitigationApplication,firefox.exe/ASLR/ForceRelocateImages,,,,,,,ON,=,Medium
V-77209,"Microsoft Defender Exploit Guard","Exploit protection: Override Data Execution Prevention (DEP) (fltldr.exe)",ProcessmitigationApplication,fltldr.exe/DEP/OverrideDEP,,,,,,,False,=,Medium
V-77209,"Microsoft Defender Exploit Guard","Exploit protection: Payload: Override Enable Export Address Filter (fltldr.exe)",ProcessmitigationApplication,fltldr.exe/Payload/OverrideEnableExportAddressFilter,,,,,,,False,=,Medium
V-77209,"Microsoft Defender Exploit Guard","Exploit protection: Payload: Override Enable Export Address Filter Plus (fltldr.exe)",ProcessmitigationApplication,fltldr.exe/Payload/OverrideEnableExportAddressFilterPlus,,,,,,,False,=,Medium
V-77209,"Microsoft Defender Exploit Guard","Exploit protection: Payload: Override Enable Import Address Filter (fltldr.exe)",ProcessmitigationApplication,fltldr.exe/Payload/OverrideEnableImportAddressFilter,,,,,,,False,=,Medium
V-77209,"Microsoft Defender Exploit Guard","Exploit protection: Payload: Override Enable ROP Stack Pivot (fltldr.exe)",ProcessmitigationApplication,fltldr.exe/Payload/OverrideEnableRopStackPivot,,,,,,,False,=,Medium
V-77209,"Microsoft Defender Exploit Guard","Exploit protection: Payload: Override Enable ROP Caller Check (fltldr.exe)",ProcessmitigationApplication,fltldr.exe/Payload/OverrideEnableRopCallerCheck,,,,,,,False,=,Medium
V-77209,"Microsoft Defender Exploit Guard","Exploit protection: Payload: Override Enable ROP Sim Exec (fltldr.exe)",ProcessmitigationApplication,fltldr.exe/Payload/OverrideEnableRopSimExec,,,,,,,False,=,Medium
V-77209,"Microsoft Defender Exploit Guard","Exploit protection: ImageLoad: Override Block Remote Images (fltldr.exe)",ProcessmitigationApplication,fltldr.exe/ImageLoad/OverrideBlockRemoteImageLoads,,,,,,,False,=,Medium
V-77209,"Microsoft Defender Exploit Guard","Exploit protection: Child Process: Override Child Process (fltldr.exe)",ProcessmitigationApplication,fltldr.exe/ChildProcess/OverrideChildProcess,,,,,,,False,=,Medium
V-77213,"Microsoft Defender Exploit Guard","Exploit protection: Override Data Execution Prevention (DEP) (GROOVE.EXE)",ProcessmitigationApplication,GROOVE.EXE/DEP/OverrideDEP,,,,,,,False,=,Medium
V-77213,"Microsoft Defender Exploit Guard","Exploit protection: Force randomization for images (ASLR) (GROOVE.EXE)",ProcessmitigationApplication,GROOVE.EXE/ASLR/ForceRelocateImages,,,,,,,ON,=,Medium
V-77213,"Microsoft Defender Exploit Guard","Exploit protection: Payload: Override Enable Export Address Filter (GROOVE.EXE)",ProcessmitigationApplication,GROOVE.EXE/Payload/OverrideEnableExportAddressFilter,,,,,,,False,=,Medium
V-77213,"Microsoft Defender Exploit Guard","Exploit protection: Payload: Override Enable Export Address Filter Plus (GROOVE.EXE)",ProcessmitigationApplication,GROOVE.EXE/Payload/OverrideEnableExportAddressFilterPlus,,,,,,,False,=,Medium
V-77213,"Microsoft Defender Exploit Guard","Exploit protection: Payload: Override Enable Import Address Filter (GROOVE.EXE)",ProcessmitigationApplication,GROOVE.EXE/Payload/OverrideEnableImportAddressFilter,,,,,,,False,=,Medium
V-77213,"Microsoft Defender Exploit Guard","Exploit protection: Payload: Override Enable ROP Stack Pivot (GROOVE.EXE)",ProcessmitigationApplication,GROOVE.EXE/Payload/OverrideEnableRopStackPivot,,,,,,,False,=,Medium
V-77213,"Microsoft Defender Exploit Guard","Exploit protection: Payload: Override Enable ROP Caller Check (GROOVE.EXE)",ProcessmitigationApplication,GROOVE.EXE/Payload/OverrideEnableRopCallerCheck,,,,,,,False,=,Medium
V-77213,"Microsoft Defender Exploit Guard","Exploit protection: Payload: Override Enable ROP Sim Exec (GROOVE.EXE)",ProcessmitigationApplication,GROOVE.EXE/Payload/OverrideEnableRopSimExec,,,,,,,False,=,Medium
V-77213,"Microsoft Defender Exploit Guard","Exploit protection: ImageLoad: Override Block Remote Images (GROOVE.EXE)",ProcessmitigationApplication,GROOVE.EXE/ImageLoad/OverrideBlockRemoteImageLoads,,,,,,,False,=,Medium
V-77213,"Microsoft Defender Exploit Guard","Exploit protection: Child Process: Override Child Process (GROOVE.EXE)",ProcessmitigationApplication,GROOVE.EXE/ChildProcess/OverrideChildProcess,,,,,,,False,=,Medium
V-77189,"Microsoft Defender Exploit Guard","Exploit protection: Override Data Execution Prevention (DEP) (Acrobat.exe)",ProcessmitigationApplication,Acrobat.exe/DEP/OverrideDEP,,,,,,,False,=,Medium
V-77189,"Microsoft Defender Exploit Guard","Exploit protection: Force randomization for images (ASLR) (Acrobat.exe)",ProcessmitigationApplication,Acrobat.exe/ASLR/ForceRelocateImages,,,,,,,ON,=,Medium
V-77189,"Microsoft Defender Exploit Guard","Exploit protection: Payload: Override Enable Export Address Filter (Acrobat.exe)",ProcessmitigationApplication,Acrobat.exe/Payload/OverrideEnableExportAddressFilter,,,,,,,False,=,Medium
V-77189,"Microsoft Defender Exploit Guard","Exploit protection: Payload: Override Enable Export Address Filter Plus (Acrobat.exe)",ProcessmitigationApplication,Acrobat.exe/Payload/OverrideEnableExportAddressFilterPlus,,,,,,,False,=,Medium
V-77189,"Microsoft Defender Exploit Guard","Exploit protection: Payload: Override Enable Import Address Filter (Acrobat.exe)",ProcessmitigationApplication,Acrobat.exe/Payload/OverrideEnableImportAddressFilter,,,,,,,False,=,Medium
V-77189,"Microsoft Defender Exploit Guard","Exploit protection: Payload: Override Enable ROP Stack Pivot (Acrobat.exe)",ProcessmitigationApplication,Acrobat.exe/Payload/OverrideEnableRopStackPivot,,,,,,,False,=,Medium
V-77189,"Microsoft Defender Exploit Guard","Exploit protection: Payload: Override Enable ROP Caller Check (Acrobat.exe)",ProcessmitigationApplication,Acrobat.exe/Payload/OverrideEnableRopCallerCheck,,,,,,,False,=,Medium
V-77189,"Microsoft Defender Exploit Guard","Exploit protection: Payload: Override Enable ROP Sim Exec (Acrobat.exe)",ProcessmitigationApplication,Acrobat.exe/Payload/OverrideEnableRopSimExec,,,,,,,False,=,Medium
V-77191,"Microsoft Defender Exploit Guard","Exploit protection: Override Data Execution Prevention (DEP) (AcroRd32.exe)",ProcessmitigationApplication,AcroRd32.exe/DEP/OverrideDEP,,,,,,,False,=,Medium
V-77191,"Microsoft Defender Exploit Guard","Exploit protection: Force randomization for images (ASLR) (AcroRd32.exe)",ProcessmitigationApplication,AcroRd32.exe/ASLR/ForceRelocateImages,,,,,,,ON,=,Medium
V-77191,"Microsoft Defender Exploit Guard","Exploit protection: Payload: Override Enable Export Address Filter (AcroRd32.exe)",ProcessmitigationApplication,AcroRd32.exe/Payload/OverrideEnableExportAddressFilter,,,,,,,False,=,Medium
V-77191,"Microsoft Defender Exploit Guard","Exploit protection: Payload: Override Enable Export Address Filter Plus (AcroRd32.exe)",ProcessmitigationApplication,AcroRd32.exe/Payload/OverrideEnableExportAddressFilterPlus,,,,,,,False,=,Medium
V-77191,"Microsoft Defender Exploit Guard","Exploit protection: Payload: Override Enable Import Address Filter (AcroRd32.exe)",ProcessmitigationApplication,AcroRd32.exe/Payload/OverrideEnableImportAddressFilter,,,,,,,False,=,Medium
V-77191,"Microsoft Defender Exploit Guard","Exploit protection: Payload: Override Enable ROP Stack Pivot (AcroRd32.exe)",ProcessmitigationApplication,AcroRd32.exe/Payload/OverrideEnableRopStackPivot,,,,,,,False,=,Medium
V-77191,"Microsoft Defender Exploit Guard","Exploit protection: Payload: Override Enable ROP Caller Check (AcroRd32.exe)",ProcessmitigationApplication,AcroRd32.exe/Payload/OverrideEnableRopCallerCheck,,,,,,,False,=,Medium
V-77191,"Microsoft Defender Exploit Guard","Exploit protection: Payload: Override Enable ROP Sim Exec (AcroRd32.exe)",ProcessmitigationApplication,AcroRd32.exe/Payload/OverrideEnableRopSimExec,,,,,,,False,=,Medium
V-77195,"Microsoft Defender Exploit Guard","Exploit protection: Override Data Execution Prevention (DEP) (chrome.exe)",ProcessmitigationApplication,chrome.exe/DEP/OverrideDEP,,,,,,,False,=,Medium
V-77201,"Microsoft Defender Exploit Guard","Exploit protection: Override Data Execution Prevention (DEP) (EXCEL.EXE)",ProcessmitigationApplication,EXCEL.EXE/DEP/OverrideDEP,,,,,,,False,=,Medium
V-77201,"Microsoft Defender Exploit Guard","Exploit protection: Force randomization for images (ASLR) (EXCEL.EXE)",ProcessmitigationApplication,EXCEL.EXE/ASLR/ForceRelocateImages,,,,,,,ON,=,Medium
V-77201,"Microsoft Defender Exploit Guard","Exploit protection: Payload: Override Enable Export Address Filter (EXCEL.EXE)",ProcessmitigationApplication,EXCEL.EXE/Payload/OverrideEnableExportAddressFilter,,,,,,,False,=,Medium
V-77201,"Microsoft Defender Exploit Guard","Exploit protection: Payload: Override Enable Export Address Filter Plus (EXCEL.EXE)",ProcessmitigationApplication,EXCEL.EXE/Payload/OverrideEnableExportAddressFilterPlus,,,,,,,False,=,Medium
V-77201,"Microsoft Defender Exploit Guard","Exploit protection: Payload: Override Enable Import Address Filter (EXCEL.EXE)",ProcessmitigationApplication,EXCEL.EXE/Payload/OverrideEnableImportAddressFilter,,,,,,,False,=,Medium
V-77201,"Microsoft Defender Exploit Guard","Exploit protection: Payload: Override Enable ROP Stack Pivot (EXCEL.EXE)",ProcessmitigationApplication,EXCEL.EXE/Payload/OverrideEnableRopStackPivot,,,,,,,False,=,Medium
V-77201,"Microsoft Defender Exploit Guard","Exploit protection: Payload: Override Enable ROP Caller Check (EXCEL.EXE)",ProcessmitigationApplication,EXCEL.EXE/Payload/OverrideEnableRopCallerCheck,,,,,,,False,=,Medium
V-77201,"Microsoft Defender Exploit Guard","Exploit protection: Payload: Override Enable ROP Sim Exec (EXCEL.EXE)",ProcessmitigationApplication,EXCEL.EXE/Payload/OverrideEnableRopSimExec,,,,,,,False,=,Medium
V-77217,"Microsoft Defender Exploit Guard","Exploit protection: Override Data Execution Prevention (DEP) (iexplore.exe)",ProcessmitigationApplication,iexplore.exe/DEP/OverrideDEP,,,,,,,False,=,Medium
V-77217,"Microsoft Defender Exploit Guard","Exploit protection: Force randomization for images (ASLR) (iexplore.exe)",ProcessmitigationApplication,iexplore.exe/ASLR/ForceRelocateImages,,,,,,,ON,=,Medium
V-77217,"Microsoft Defender Exploit Guard","Exploit protection: Payload: Override Enable Export Address Filter (iexplore.exe)",ProcessmitigationApplication,iexplore.exe/Payload/OverrideEnableExportAddressFilter,,,,,,,False,=,Medium
V-77217,"Microsoft Defender Exploit Guard","Exploit protection: Payload: Override Enable Export Address Filter Plus (iexplore.exe)",ProcessmitigationApplication,iexplore.exe/Payload/OverrideEnableExportAddressFilterPlus,,,,,,,False,=,Medium
V-77217,"Microsoft Defender Exploit Guard","Exploit protection: Payload: Override Enable Import Address Filter (iexplore.exe)",ProcessmitigationApplication,iexplore.exe/Payload/OverrideEnableImportAddressFilter,,,,,,,False,=,Medium
V-77217,"Microsoft Defender Exploit Guard","Exploit protection: Payload: Override Enable ROP Stack Pivot (iexplore.exe)",ProcessmitigationApplication,iexplore.exe/Payload/OverrideEnableRopStackPivot,,,,,,,False,=,Medium
V-77217,"Microsoft Defender Exploit Guard","Exploit protection: Payload: Override Enable ROP Caller Check (iexplore.exe)",ProcessmitigationApplication,iexplore.exe/Payload/OverrideEnableRopCallerCheck,,,,,,,False,=,Medium
V-77217,"Microsoft Defender Exploit Guard","Exploit protection: Payload: Override Enable ROP Sim Exec (iexplore.exe)",ProcessmitigationApplication,iexplore.exe/Payload/OverrideEnableRopSimExec,,,,,,,False,=,Medium
V-77221,"Microsoft Defender Exploit Guard","Exploit protection: Override Data Execution Prevention (DEP) (INFOPATH.EXE)",ProcessmitigationApplication,INFOPATH.EXE/DEP/OverrideDEP,,,,,,,False,=,Medium
V-77221,"Microsoft Defender Exploit Guard","Exploit protection: Force randomization for images (ASLR) (INFOPATH.EXE)",ProcessmitigationApplication,INFOPATH.EXE/ASLR/ForceRelocateImages,,,,,,,ON,=,Medium
V-77221,"Microsoft Defender Exploit Guard","Exploit protection: Payload: Override Enable Export Address Filter (INFOPATH.EXE)",ProcessmitigationApplication,INFOPATH.EXE/Payload/OverrideEnableExportAddressFilter,,,,,,,False,=,Medium
V-77221,"Microsoft Defender Exploit Guard","Exploit protection: Payload: Override Enable Export Address Filter Plus (INFOPATH.EXE)",ProcessmitigationApplication,INFOPATH.EXE/Payload/OverrideEnableExportAddressFilterPlus,,,,,,,False,=,Medium
V-77221,"Microsoft Defender Exploit Guard","Exploit protection: Payload: Override Enable Import Address Filter (INFOPATH.EXE)",ProcessmitigationApplication,INFOPATH.EXE/Payload/OverrideEnableImportAddressFilter,,,,,,,False,=,Medium
V-77221,"Microsoft Defender Exploit Guard","Exploit protection: Payload: Override Enable ROP Stack Pivot (INFOPATH.EXE)",ProcessmitigationApplication,INFOPATH.EXE/Payload/OverrideEnableRopStackPivot,,,,,,,False,=,Medium
V-77221,"Microsoft Defender Exploit Guard","Exploit protection: Payload: Override Enable ROP Caller Check (INFOPATH.EXE)",ProcessmitigationApplication,INFOPATH.EXE/Payload/OverrideEnableRopCallerCheck,,,,,,,False,=,Medium
V-77221,"Microsoft Defender Exploit Guard","Exploit protection: Payload: Override Enable ROP Sim Exec (INFOPATH.EXE)",ProcessmitigationApplication,INFOPATH.EXE/Payload/OverrideEnableRopSimExec,,,,,,,False,=,Medium
V-77223,"Microsoft Defender Exploit Guard","Exploit protection: Override Data Execution Prevention (DEP) (java.exe)",ProcessmitigationApplication,java.exe/DEP/OverrideDEP,,,,,,,False,=,Medium
V-77223,"Microsoft Defender Exploit Guard","Exploit protection: Payload: Override Enable Export Address Filter (java.exe)",ProcessmitigationApplication,java.exe/Payload/OverrideEnableExportAddressFilter,,,,,,,False,=,Medium
V-77223,"Microsoft Defender Exploit Guard","Exploit protection: Payload: Override Enable Export Address Filter Plus (java.exe)",ProcessmitigationApplication,java.exe/Payload/OverrideEnableExportAddressFilterPlus,,,,,,,False,=,Medium
V-77223,"Microsoft Defender Exploit Guard","Exploit protection: Payload: Override Enable Import Address Filter (java.exe)",ProcessmitigationApplication,java.exe/Payload/OverrideEnableImportAddressFilter,,,,,,,False,=,Medium
V-77223,"Microsoft Defender Exploit Guard","Exploit protection: Payload: Override Enable ROP Stack Pivot (java.exe)",ProcessmitigationApplication,java.exe/Payload/OverrideEnableRopStackPivot,,,,,,,False,=,Medium
V-77223,"Microsoft Defender Exploit Guard","Exploit protection: Payload: Override Enable ROP Caller Check (java.exe)",ProcessmitigationApplication,java.exe/Payload/OverrideEnableRopCallerCheck,,,,,,,False,=,Medium
V-77223,"Microsoft Defender Exploit Guard","Exploit protection: Payload: Override Enable ROP Sim Exec (java.exe)",ProcessmitigationApplication,java.exe/Payload/OverrideEnableRopSimExec,,,,,,,False,=,Medium
V-77223,"Microsoft Defender Exploit Guard","Exploit protection: Override Data Execution Prevention (DEP) (javaw.exe)",ProcessmitigationApplication,javaw.exe/DEP/OverrideDEP,,,,,,,False,=,Medium
V-77223,"Microsoft Defender Exploit Guard","Exploit protection: Payload: Override Enable Export Address Filter (javaw.exe)",ProcessmitigationApplication,javaw.exe/Payload/OverrideEnableExportAddressFilter,,,,,,,False,=,Medium
V-77223,"Microsoft Defender Exploit Guard","Exploit protection: Payload: Override Enable Export Address Filter Plus (javaw.exe)",ProcessmitigationApplication,javaw.exe/Payload/OverrideEnableExportAddressFilterPlus,,,,,,,False,=,Medium
V-77223,"Microsoft Defender Exploit Guard","Exploit protection: Payload: Override Enable Import Address Filter (javaw.exe)",ProcessmitigationApplication,javaw.exe/Payload/OverrideEnableImportAddressFilter,,,,,,,False,=,Medium
V-77223,"Microsoft Defender Exploit Guard","Exploit protection: Payload: Override Enable ROP Stack Pivot (javaw.exe)",ProcessmitigationApplication,javaw.exe/Payload/OverrideEnableRopStackPivot,,,,,,,False,=,Medium
V-77223,"Microsoft Defender Exploit Guard","Exploit protection: Payload: Override Enable ROP Caller Check (javaw.exe)",ProcessmitigationApplication,javaw.exe/Payload/OverrideEnableRopCallerCheck,,,,,,,False,=,Medium
V-77223,"Microsoft Defender Exploit Guard","Exploit protection: Payload: Override Enable ROP Sim Exec (javaw.exe)",ProcessmitigationApplication,javaw.exe/Payload/OverrideEnableRopSimExec,,,,,,,False,=,Medium
V-77223,"Microsoft Defender Exploit Guard","Exploit protection: Override Data Execution Prevention (DEP) (javaws.exe)",ProcessmitigationApplication,javaws.exe/DEP/OverrideDEP,,,,,,,False,=,Medium
V-77223,"Microsoft Defender Exploit Guard","Exploit protection: Payload: Override Enable Export Address Filter (javaws.exe)",ProcessmitigationApplication,javaws.exe/Payload/OverrideEnableExportAddressFilter,,,,,,,False,=,Medium
V-77223,"Microsoft Defender Exploit Guard","Exploit protection: Payload: Override Enable Export Address Filter Plus (javaws.exe)",ProcessmitigationApplication,javaws.exe/Payload/OverrideEnableExportAddressFilterPlus,,,,,,,False,=,Medium
V-77223,"Microsoft Defender Exploit Guard","Exploit protection: Payload: Override Enable Import Address Filter (javaws.exe)",ProcessmitigationApplication,javaws.exe/Payload/OverrideEnableImportAddressFilter,,,,,,,False,=,Medium
V-77223,"Microsoft Defender Exploit Guard","Exploit protection: Payload: Override Enable ROP Stack Pivot (javaws.exe)",ProcessmitigationApplication,javaws.exe/Payload/OverrideEnableRopStackPivot,,,,,,,False,=,Medium
V-77223,"Microsoft Defender Exploit Guard","Exploit protection: Payload: Override Enable ROP Caller Check (javaws.exe)",ProcessmitigationApplication,javaws.exe/Payload/OverrideEnableRopCallerCheck,,,,,,,False,=,Medium
V-77223,"Microsoft Defender Exploit Guard","Exploit protection: Payload: Override Enable ROP Sim Exec (javaws.exe)",ProcessmitigationApplication,javaws.exe/Payload/OverrideEnableRopSimExec,,,,,,,False,=,Medium
V-77227,"Microsoft Defender Exploit Guard","Exploit protection: Override Data Execution Prevention (DEP) (LYNC.EXE)",ProcessmitigationApplication,LYNC.EXE/DEP/OverrideDEP,,,,,,,False,=,Medium
V-77227,"Microsoft Defender Exploit Guard","Exploit protection: Force randomization for images (ASLR) (LYNC.EXE)",ProcessmitigationApplication,LYNC.EXE/ASLR/ForceRelocateImages,,,,,,,ON,=,Medium
V-77227,"Microsoft Defender Exploit Guard","Exploit protection: Payload: Override Enable Export Address Filter (LYNC.EXE)",ProcessmitigationApplication,LYNC.EXE/Payload/OverrideEnableExportAddressFilter,,,,,,,False,=,Medium
V-77227,"Microsoft Defender Exploit Guard","Exploit protection: Payload: Override Enable Export Address Filter Plus (LYNC.EXE)",ProcessmitigationApplication,LYNC.EXE/Payload/OverrideEnableExportAddressFilterPlus,,,,,,,False,=,Medium
V-77227,"Microsoft Defender Exploit Guard","Exploit protection: Payload: Override Enable Import Address Filter (LYNC.EXE)",ProcessmitigationApplication,LYNC.EXE/Payload/OverrideEnableImportAddressFilter,,,,,,,False,=,Medium
V-77227,"Microsoft Defender Exploit Guard","Exploit protection: Payload: Override Enable ROP Stack Pivot (LYNC.EXE)",ProcessmitigationApplication,LYNC.EXE/Payload/OverrideEnableRopStackPivot,,,,,,,False,=,Medium
V-77227,"Microsoft Defender Exploit Guard","Exploit protection: Payload: Override Enable ROP Caller Check (LYNC.EXE)",ProcessmitigationApplication,LYNC.EXE/Payload/OverrideEnableRopCallerCheck,,,,,,,False,=,Medium
V-77227,"Microsoft Defender Exploit Guard","Exploit protection: Payload: Override Enable ROP Sim Exec (LYNC.EXE)",ProcessmitigationApplication,LYNC.EXE/Payload/OverrideEnableRopSimExec,,,,,,,False,=,Medium
V-77231,"Microsoft Defender Exploit Guard","Exploit protection: Override Data Execution Prevention (DEP) (MSACCESS.EXE)",ProcessmitigationApplication,MSACCESS.EXE/DEP/OverrideDEP,,,,,,,False,=,Medium
V-77231,"Microsoft Defender Exploit Guard","Exploit protection: Force randomization for images (ASLR) (MSACCESS.EXE)",ProcessmitigationApplication,MSACCESS.EXE/ASLR/ForceRelocateImages,,,,,,,ON,=,Medium
V-77231,"Microsoft Defender Exploit Guard","Exploit protection: Payload: Override Enable Export Address Filter (MSACCESS.EXE)",ProcessmitigationApplication,MSACCESS.EXE/Payload/OverrideEnableExportAddressFilter,,,,,,,False,=,Medium
V-77231,"Microsoft Defender Exploit Guard","Exploit protection: Payload: Override Enable Export Address Filter Plus (MSACCESS.EXE)",ProcessmitigationApplication,MSACCESS.EXE/Payload/OverrideEnableExportAddressFilterPlus,,,,,,,False,=,Medium
V-77231,"Microsoft Defender Exploit Guard","Exploit protection: Payload: Override Enable Import Address Filter (MSACCESS.EXE)",ProcessmitigationApplication,MSACCESS.EXE/Payload/OverrideEnableImportAddressFilter,,,,,,,False,=,Medium
V-77231,"Microsoft Defender Exploit Guard","Exploit protection: Payload: Override Enable ROP Stack Pivot (MSACCESS.EXE)",ProcessmitigationApplication,MSACCESS.EXE/Payload/OverrideEnableRopStackPivot,,,,,,,False,=,Medium
V-77231,"Microsoft Defender Exploit Guard","Exploit protection: Payload: Override Enable ROP Caller Check (MSACCESS.EXE)",ProcessmitigationApplication,MSACCESS.EXE/Payload/OverrideEnableRopCallerCheck,,,,,,,False,=,Medium
V-77231,"Microsoft Defender Exploit Guard","Exploit protection: Payload: Override Enable ROP Sim Exec (MSACCESS.EXE)",ProcessmitigationApplication,MSACCESS.EXE/Payload/OverrideEnableRopSimExec,,,,,,,False,=,Medium
V-77233,"Microsoft Defender Exploit Guard","Exploit protection: Override Data Execution Prevention (DEP) (MSPUB.EXE)",ProcessmitigationApplication,MSPUB.EXE/DEP/OverrideDEP,,,,,,,False,=,Medium
V-77233,"Microsoft Defender Exploit Guard","Exploit protection: Force randomization for images (ASLR) (MSPUB.EXE)",ProcessmitigationApplication,MSPUB.EXE/ASLR/ForceRelocateImages,,,,,,,ON,=,Medium
V-77233,"Microsoft Defender Exploit Guard","Exploit protection: Payload: Override Enable Export Address Filter (MSPUB.EXE)",ProcessmitigationApplication,MSPUB.EXE/Payload/OverrideEnableExportAddressFilter,,,,,,,False,=,Medium
V-77233,"Microsoft Defender Exploit Guard","Exploit protection: Payload: Override Enable Export Address Filter Plus (MSPUB.EXE)",ProcessmitigationApplication,MSPUB.EXE/Payload/OverrideEnableExportAddressFilterPlus,,,,,,,False,=,Medium
V-77233,"Microsoft Defender Exploit Guard","Exploit protection: Payload: Override Enable Import Address Filter (MSPUB.EXE)",ProcessmitigationApplication,MSPUB.EXE/Payload/OverrideEnableImportAddressFilter,,,,,,,False,=,Medium
V-77233,"Microsoft Defender Exploit Guard","Exploit protection: Payload: Override Enable ROP Stack Pivot (MSPUB.EXE)",ProcessmitigationApplication,MSPUB.EXE/Payload/OverrideEnableRopStackPivot,,,,,,,False,=,Medium
V-77233,"Microsoft Defender Exploit Guard","Exploit protection: Payload: Override Enable ROP Caller Check (MSPUB.EXE)",ProcessmitigationApplication,MSPUB.EXE/Payload/OverrideEnableRopCallerCheck,,,,,,,False,=,Medium
V-77233,"Microsoft Defender Exploit Guard","Exploit protection: Payload: Override Enable ROP Sim Exec (MSPUB.EXE)",ProcessmitigationApplication,MSPUB.EXE/Payload/OverrideEnableRopSimExec,,,,,,,False,=,Medium
V-77239,"Microsoft Defender Exploit Guard","Exploit protection: Override Data Execution Prevention (DEP) (OIS.EXE)",ProcessmitigationApplication,OIS.EXE/DEP/OverrideDEP,,,,,,,False,=,Medium
V-77239,"Microsoft Defender Exploit Guard","Exploit protection: Payload: Override Enable Export Address Filter (OIS.EXE)",ProcessmitigationApplication,OIS.EXE/Payload/OverrideEnableExportAddressFilter,,,,,,,False,=,Medium
V-77239,"Microsoft Defender Exploit Guard","Exploit protection: Payload: Override Enable Export Address Filter Plus (OIS.EXE)",ProcessmitigationApplication,OIS.EXE/Payload/OverrideEnableExportAddressFilterPlus,,,,,,,False,=,Medium
V-77239,"Microsoft Defender Exploit Guard","Exploit protection: Payload: Override Enable Import Address Filter (OIS.EXE)",ProcessmitigationApplication,OIS.EXE/Payload/OverrideEnableImportAddressFilter,,,,,,,False,=,Medium
V-77239,"Microsoft Defender Exploit Guard","Exploit protection: Payload: Override Enable ROP Stack Pivot (OIS.EXE)",ProcessmitigationApplication,OIS.EXE/Payload/OverrideEnableRopStackPivot,,,,,,,False,=,Medium
V-77239,"Microsoft Defender Exploit Guard","Exploit protection: Payload: Override Enable ROP Caller Check (OIS.EXE)",ProcessmitigationApplication,OIS.EXE/Payload/OverrideEnableRopCallerCheck,,,,,,,False,=,Medium
V-77239,"Microsoft Defender Exploit Guard","Exploit protection: Payload: Override Enable ROP Sim Exec (OIS.EXE)",ProcessmitigationApplication,OIS.EXE/Payload/OverrideEnableRopSimExec,,,,,,,False,=,Medium
V-77243,"Microsoft Defender Exploit Guard","Exploit protection: Override Data Execution Prevention (DEP) (OUTLOOK.EXE)",ProcessmitigationApplication,OUTLOOK.EXE/DEP/OverrideDEP,,,,,,,False,=,Medium
V-77243,"Microsoft Defender Exploit Guard","Exploit protection: Force randomization for images (ASLR) (OUTLOOK.EXE)",ProcessmitigationApplication,OUTLOOK.EXE/ASLR/ForceRelocateImages,,,,,,,ON,=,Medium
V-77243,"Microsoft Defender Exploit Guard","Exploit protection: Payload: Override Enable Export Address Filter (OUTLOOK.EXE)",ProcessmitigationApplication,OUTLOOK.EXE/Payload/OverrideEnableExportAddressFilter,,,,,,,False,=,Medium
V-77243,"Microsoft Defender Exploit Guard","Exploit protection: Payload: Override Enable Export Address Filter Plus (OUTLOOK.EXE)",ProcessmitigationApplication,OUTLOOK.EXE/Payload/OverrideEnableExportAddressFilterPlus,,,,,,,False,=,Medium
V-77243,"Microsoft Defender Exploit Guard","Exploit protection: Payload: Override Enable Import Address Filter (OUTLOOK.EXE)",ProcessmitigationApplication,OUTLOOK.EXE/Payload/OverrideEnableImportAddressFilter,,,,,,,False,=,Medium
V-77243,"Microsoft Defender Exploit Guard","Exploit protection: Payload: Override Enable ROP Stack Pivot (OUTLOOK.EXE)",ProcessmitigationApplication,OUTLOOK.EXE/Payload/OverrideEnableRopStackPivot,,,,,,,False,=,Medium
V-77243,"Microsoft Defender Exploit Guard","Exploit protection: Payload: Override Enable ROP Caller Check (OUTLOOK.EXE)",ProcessmitigationApplication,OUTLOOK.EXE/Payload/OverrideEnableRopCallerCheck,,,,,,,False,=,Medium
V-77243,"Microsoft Defender Exploit Guard","Exploit protection: Payload: Override Enable ROP Sim Exec (OUTLOOK.EXE)",ProcessmitigationApplication,OUTLOOK.EXE/Payload/OverrideEnableRopSimExec,,,,,,,False,=,Medium
V-77245,"Microsoft Defender Exploit Guard","Exploit protection: Override Data Execution Prevention (DEP) (plugin-container.exe)",ProcessmitigationApplication,plugin-container.exe/DEP/OverrideDEP,,,,,,,False,=,Medium
V-77245,"Microsoft Defender Exploit Guard","Exploit protection: Payload: Override Enable Export Address Filter (plugin-container.exe)",ProcessmitigationApplication,plugin-container.exe/Payload/OverrideEnableExportAddressFilter,,,,,,,False,=,Medium
V-77245,"Microsoft Defender Exploit Guard","Exploit protection: Payload: Override Enable Export Address Filter Plus (plugin-container.exe)",ProcessmitigationApplication,plugin-container.exe/Payload/OverrideEnableExportAddressFilterPlus,,,,,,,False,=,Medium
V-77245,"Microsoft Defender Exploit Guard","Exploit protection: Payload: Override Enable Import Address Filter (plugin-container.exe)",ProcessmitigationApplication,plugin-container.exe/Payload/OverrideEnableImportAddressFilter,,,,,,,False,=,Medium
V-77245,"Microsoft Defender Exploit Guard","Exploit protection: Payload: Override Enable ROP Stack Pivot (plugin-container.exe)",ProcessmitigationApplication,plugin-container.exe/Payload/OverrideEnableRopStackPivot,,,,,,,False,=,Medium
V-77245,"Microsoft Defender Exploit Guard","Exploit protection: Payload: Override Enable ROP Caller Check (plugin-container.exe)",ProcessmitigationApplication,plugin-container.exe/Payload/OverrideEnableRopCallerCheck,,,,,,,False,=,Medium
V-77245,"Microsoft Defender Exploit Guard","Exploit protection: Payload: Override Enable ROP Sim Exec (plugin-container.exe)",ProcessmitigationApplication,plugin-container.exe/Payload/OverrideEnableRopSimExec,,,,,,,False,=,Medium
V-77247,"Microsoft Defender Exploit Guard","Exploit protection: Override Data Execution Prevention (DEP) (POWERPNT.EXE)",ProcessmitigationApplication,POWERPNT.EXE/DEP/OverrideDEP,,,,,,,False,=,Medium
V-77247,"Microsoft Defender Exploit Guard","Exploit protection: Force randomization for images (ASLR) (POWERPNT.EXE)",ProcessmitigationApplication,POWERPNT.EXE/ASLR/ForceRelocateImages,,,,,,,ON,=,Medium
V-77247,"Microsoft Defender Exploit Guard","Exploit protection: Payload: Override Enable Export Address Filter (POWERPNT.EXE)",ProcessmitigationApplication,POWERPNT.EXE/Payload/OverrideEnableExportAddressFilter,,,,,,,False,=,Medium
V-77247,"Microsoft Defender Exploit Guard","Exploit protection: Payload: Override Enable Export Address Filter Plus (POWERPNT.EXE)",ProcessmitigationApplication,POWERPNT.EXE/Payload/OverrideEnableExportAddressFilterPlus,,,,,,,False,=,Medium
V-77247,"Microsoft Defender Exploit Guard","Exploit protection: Payload: Override Enable Import Address Filter (POWERPNT.EXE)",ProcessmitigationApplication,POWERPNT.EXE/Payload/OverrideEnableImportAddressFilter,,,,,,,False,=,Medium
V-77247,"Microsoft Defender Exploit Guard","Exploit protection: Payload: Override Enable ROP Stack Pivot (POWERPNT.EXE)",ProcessmitigationApplication,POWERPNT.EXE/Payload/OverrideEnableRopStackPivot,,,,,,,False,=,Medium
V-77247,"Microsoft Defender Exploit Guard","Exploit protection: Payload: Override Enable ROP Caller Check (POWERPNT.EXE)",ProcessmitigationApplication,POWERPNT.EXE/Payload/OverrideEnableRopCallerCheck,,,,,,,False,=,Medium
V-77247,"Microsoft Defender Exploit Guard","Exploit protection: Payload: Override Enable ROP Sim Exec (POWERPNT.EXE)",ProcessmitigationApplication,POWERPNT.EXE/Payload/OverrideEnableRopSimExec,,,,,,,False,=,Medium
V-77249,"Microsoft Defender Exploit Guard","Exploit protection: Override Data Execution Prevention (DEP) (PPTVIEW.EXE)",ProcessmitigationApplication,PPTVIEW.EXE/DEP/OverrideDEP,,,,,,,False,=,Medium
V-77249,"Microsoft Defender Exploit Guard","Exploit protection: Force randomization for images (ASLR) (PPTVIEW.EXE)",ProcessmitigationApplication,PPTVIEW.EXE/ASLR/ForceRelocateImages,,,,,,,ON,=,Medium
V-77249,"Microsoft Defender Exploit Guard","Exploit protection: Payload: Override Enable Export AddressFilter (PPTVIEW.EXE)",ProcessmitigationApplication,PPTVIEW.EXE/Payload/OverrideEnableExportAddressFilter,,,,,,,False,=,Medium
V-77249,"Microsoft Defender Exploit Guard","Exploit protection: Payload: Override Enable Export Address Filter Plus (PPTVIEW.EXE)",ProcessmitigationApplication,PPTVIEW.EXE/Payload/OverrideEnableExportAddressFilterPlus,,,,,,,False,=,Medium
V-77249,"Microsoft Defender Exploit Guard","Exploit protection: Payload: Override Enable Import Address Filter (PPTVIEW.EXE)",ProcessmitigationApplication,PPTVIEW.EXE/Payload/OverrideEnableImportAddressFilter,,,,,,,False,=,Medium
V-77249,"Microsoft Defender Exploit Guard","Exploit protection: Payload: Override Enable ROP Stack Pivot (PPTVIEW.EXE)",ProcessmitigationApplication,PPTVIEW.EXE/Payload/OverrideEnableRopStackPivot,,,,,,,False,=,Medium
V-77249,"Microsoft Defender Exploit Guard","Exploit protection: Payload: Override Enable ROP Caller Check (PPTVIEW.EXE)",ProcessmitigationApplication,PPTVIEW.EXE/Payload/OverrideEnableRopCallerCheck,,,,,,,False,=,Medium
V-77249,"Microsoft Defender Exploit Guard","Exploit protection: Payload: Override Enable ROP Sim Exec (PPTVIEW.EXE)",ProcessmitigationApplication,PPTVIEW.EXE/Payload/OverrideEnableRopSimExec,,,,,,,False,=,Medium
V-77255,"Microsoft Defender Exploit Guard","Exploit protection: Override Data Execution Prevention (DEP) (VISIO.EXE)",ProcessmitigationApplication,VISIO.EXE/DEP/OverrideDEP,,,,,,,False,=,Medium
V-77255,"Microsoft Defender Exploit Guard","Exploit protection: Force randomization for images (ASLR) (VISIO.EXE)",ProcessmitigationApplication,VISIO.EXE/ASLR/ForceRelocateImages,,,,,,,ON,=,Medium
V-77255,"Microsoft Defender Exploit Guard","Exploit protection: Payload: Override Enable Export AddressFilter (VISIO.EXE)",ProcessmitigationApplication,VISIO.EXE/Payload/OverrideEnableExportAddressFilter,,,,,,,False,=,Medium
V-77255,"Microsoft Defender Exploit Guard","Exploit protection: Payload: Override Enable Export Address Filter Plus (VISIO.EXE)",ProcessmitigationApplication,VISIO.EXE/Payload/OverrideEnableExportAddressFilterPlus,,,,,,,False,=,Medium
V-77255,"Microsoft Defender Exploit Guard","Exploit protection: Payload: Override Enable Import Address Filter (VISIO.EXE)",ProcessmitigationApplication,VISIO.EXE/Payload/OverrideEnableImportAddressFilter,,,,,,,False,=,Medium
V-77255,"Microsoft Defender Exploit Guard","Exploit protection: Payload: Override Enable ROP Stack Pivot (VISIO.EXE)",ProcessmitigationApplication,VISIO.EXE/Payload/OverrideEnableRopStackPivot,,,,,,,False,=,Medium
V-77255,"Microsoft Defender Exploit Guard","Exploit protection: Payload: Override Enable ROP Caller Check (VISIO.EXE)",ProcessmitigationApplication,VISIO.EXE/Payload/OverrideEnableRopCallerCheck,,,,,,,False,=,Medium
V-77255,"Microsoft Defender Exploit Guard","Exploit protection: Payload: Override Enable ROP Sim Exec (VISIO.EXE)",ProcessmitigationApplication,VISIO.EXE/Payload/OverrideEnableRopSimExec,,,,,,,False,=,Medium
V-220898,"Microsoft Defender Exploit Guard","Exploit protection: Override Data Execution Prevention (DEP) (VPREVIEW.EXE)",ProcessmitigationApplication,VPREVIEW.EXE/DEP/OverrideDEP,,,,,,,False,=,Medium
V-220898,"Microsoft Defender Exploit Guard","Exploit protection: Force randomization for images (ASLR) (VPREVIEW.EXE)",ProcessmitigationApplication,VPREVIEW.EXE/ASLR/ForceRelocateImages,,,,,,,ON,=,Medium
V-220898,"Microsoft Defender Exploit Guard","Exploit protection: Payload: Override Enable Export AddressFilter (VPREVIEW.EXE)",ProcessmitigationApplication,VPREVIEW.EXE/Payload/OverrideEnableExportAddressFilter,,,,,,,False,=,Medium
V-220898,"Microsoft Defender Exploit Guard","Exploit protection: Payload: Override Enable Export Address Filter Plus (VPREVIEW.EXE)",ProcessmitigationApplication,VPREVIEW.EXE/Payload/OverrideEnableExportAddressFilterPlus,,,,,,,False,=,Medium
V-220898,"Microsoft Defender Exploit Guard","Exploit protection: Payload: Override Enable Import Address Filter (VPREVIEW.EXE)",ProcessmitigationApplication,VPREVIEW.EXE/Payload/OverrideEnableImportAddressFilter,,,,,,,False,=,Medium
V-220898,"Microsoft Defender Exploit Guard","Exploit protection: Payload: Override Enable ROP Stack Pivot (VPREVIEW.EXE)",ProcessmitigationApplication,VPREVIEW.EXE/Payload/OverrideEnableRopStackPivot,,,,,,,False,=,Medium
V-220898,"Microsoft Defender Exploit Guard","Exploit protection: Payload: Override Enable ROP Caller Check (VPREVIEW.EXE)",ProcessmitigationApplication,VPREVIEW.EXE/Payload/OverrideEnableRopCallerCheck,,,,,,,False,=,Medium
V-220898,"Microsoft Defender Exploit Guard","Exploit protection: Payload: Override Enable ROP Sim Exec (VPREVIEW.EXE)",ProcessmitigationApplication,VPREVIEW.EXE/Payload/OverrideEnableRopSimExec,,,,,,,False,=,Medium
V-77263,"Microsoft Defender Exploit Guard","Exploit protection: Override Data Execution Prevention (DEP) (WINWORD.EXE)",ProcessmitigationApplication,WINWORD.EXE/DEP/OverrideDEP,,,,,,,False,=,Medium
V-77263,"Microsoft Defender Exploit Guard","Exploit protection: Force randomization for images (ASLR) (WINWORD.EXE)",ProcessmitigationApplication,WINWORD.EXE/ASLR/ForceRelocateImages,,,,,,,ON,=,Medium
V-77263,"Microsoft Defender Exploit Guard","Exploit protection: Payload: Override Enable Export Address Filter (WINWORD.EXE)",ProcessmitigationApplication,WINWORD.EXE/Payload/OverrideEnableExportAddressFilter,,,,,,,False,=,Medium
V-77263,"Microsoft Defender Exploit Guard","Exploit protection: Payload: Override Enable Export Address Filter Plus (WINWORD.EXE)",ProcessmitigationApplication,WINWORD.EXE/Payload/OverrideEnableExportAddressFilterPlus,,,,,,,False,=,Medium
V-77263,"Microsoft Defender Exploit Guard","Exploit protection: Payload: Override Enable Import Address Filter (WINWORD.EXE)",ProcessmitigationApplication,WINWORD.EXE/Payload/OverrideEnableImportAddressFilter,,,,,,,False,=,Medium
V-77263,"Microsoft Defender Exploit Guard","Exploit protection: Payload: Override Enable ROP Stack Pivot (WINWORD.EXE)",ProcessmitigationApplication,WINWORD.EXE/Payload/OverrideEnableRopStackPivot,,,,,,,False,=,Medium
V-77263,"Microsoft Defender Exploit Guard","Exploit protection: Payload: Override Enable ROP Caller Check (WINWORD.EXE)",ProcessmitigationApplication,WINWORD.EXE/Payload/OverrideEnableRopCallerCheck,,,,,,,False,=,Medium
V-77263,"Microsoft Defender Exploit Guard","Exploit protection: Payload: Override Enable ROP Sim Exec (WINWORD.EXE)",ProcessmitigationApplication,WINWORD.EXE/Payload/OverrideEnableRopSimExec,,,,,,,False,=,Medium
V-77267,"Microsoft Defender Exploit Guard","Exploit protection: Override Data Execution Prevention (DEP) (wmplayer.exe)",ProcessmitigationApplication,wmplayer.exe/DEP/OverrideDEP,,,,,,,False,=,Medium
V-77267,"Microsoft Defender Exploit Guard","Exploit protection: Payload: Override Enable Export Address Filter (wmplayer.exe)",ProcessmitigationApplication,wmplayer.exe/Payload/OverrideEnableExportAddressFilter,,,,,,,False,=,Medium
V-77267,"Microsoft Defender Exploit Guard","Exploit protection: Payload: Override Enable Export Address Filter Plus (wmplayer.exe)",ProcessmitigationApplication,wmplayer.exe/Payload/OverrideEnableExportAddressFilterPlus,,,,,,,False,=,Medium
V-77267,"Microsoft Defender Exploit Guard","Exploit protection: Payload: Override Enable Import Address Filter (wmplayer.exe)",ProcessmitigationApplication,wmplayer.exe/Payload/OverrideEnableImportAddressFilter,,,,,,,False,=,Medium
V-77267,"Microsoft Defender Exploit Guard","Exploit protection: Payload: Override Enable ROP Stack Pivot (wmplayer.exe)",ProcessmitigationApplication,wmplayer.exe/Payload/OverrideEnableRopStackPivot,,,,,,,False,=,Medium
V-77267,"Microsoft Defender Exploit Guard","Exploit protection: Payload: Override Enable ROP Caller Check (wmplayer.exe)",ProcessmitigationApplication,wmplayer.exe/Payload/OverrideEnableRopCallerCheck,,,,,,,False,=,Medium
V-77267,"Microsoft Defender Exploit Guard","Exploit protection: Payload: Override Enable ROP Sim Exec (wmplayer.exe)",ProcessmitigationApplication,wmplayer.exe/Payload/OverrideEnableRopSimExec,,,,,,,False,=,Medium
V-77269,"Microsoft Defender Exploit Guard","Exploit protection: Override Data Execution Prevention (DEP) (wordpad.exe)",ProcessmitigationApplication,wordpad.exe/DEP/OverrideDEP,,,,,,,False,=,Medium
V-77269,"Microsoft Defender Exploit Guard","Exploit protection: Payload: Override Enable Export Address Filter (wordpad.exe)",ProcessmitigationApplication,wordpad.exe/Payload/OverrideEnableExportAddressFilter,,,,,,,False,=,Medium
V-77269,"Microsoft Defender Exploit Guard","Exploit protection: Payload: Override Enable Export Address Filter Plus (wordpad.exe)",ProcessmitigationApplication,wordpad.exe/Payload/OverrideEnableExportAddressFilterPlus,,,,,,,False,=,Medium
V-77269,"Microsoft Defender Exploit Guard","Exploit protection: Payload: Override Enable Import Address Filter (wordpad.exe)",ProcessmitigationApplication,wordpad.exe/Payload/OverrideEnableImportAddressFilter,,,,,,,False,=,Medium
V-77269,"Microsoft Defender Exploit Guard","Exploit protection: Payload: Override Enable ROP Stack Pivot (wordpad.exe)",ProcessmitigationApplication,wordpad.exe/Payload/OverrideEnableRopStackPivot,,,,,,,False,=,Medium
V-77269,"Microsoft Defender Exploit Guard","Exploit protection: Payload: Override Enable ROP Caller Check (wordpad.exe)",ProcessmitigationApplication,wordpad.exe/Payload/OverrideEnableRopCallerCheck,,,,,,,False,=,Medium
V-77269,"Microsoft Defender Exploit Guard","Exploit protection: Payload: Override Enable ROP Sim Exec (wordpad.exe)",ProcessmitigationApplication,wordpad.exe/Payload/OverrideEnableRopSimExec,,,,,,,False,=,Medium
V-63685,"Administrative Templates: Windows Components","File Explorer: Configure Windows Defender SmartScreen",Registry,,HKLM:\SOFTWARE\Policies\Microsoft\Windows\System,EnableSmartScreen,,,,1,1,=,Medium
V-63685,"Administrative Templates: Windows Components","File Explorer: Configure Windows Defender SmartScreen to warn and prevent bypass",Registry,,HKLM:\SOFTWARE\Policies\Microsoft\Windows\System,ShellSmartScreenLevel,,,,Warn,Block,=,Medium
V-74417,"Administrative Templates: Windows Components","Windows Game Recording and Broadcasting: Enables or disables Windows Game Recording and Broadcasting",Registry,,HKLM:\Software\Policies\Microsoft\Windows\GameDVR,AllowGameDVR,,,,1,0,=,Medium
V-63717,"Administrative Templates: Windows Components","Windows Hello for Business: Use a hardware security device",Registry,,HKLM:\SOFTWARE\Policies\Microsoft\PassportForWork,RequireSecurityDevice,,,,,1,=,Medium
V-99561,"Administrative Templates: Windows Components","Windows Ink Workspace: Allow Windows Ink Workspace",Registry,,HKLM:\Software\Policies\Microsoft\WindowsInkWorkspace,AllowWindowsInkWorkspace,,,,1,0,=,Medium
V-63321,"Administrative Templates: Windows Components","Windows Installer: Allow user control over installs",Registry,,HKLM:\Software\Policies\Microsoft\Windows\Installer,EnableUserControl,,,,1,0,=,Medium
V-63325,"Administrative Templates: Windows Components","Windows Installer: Always install with elevated privileges",Registry,,HKLM:\Software\Policies\Microsoft\Windows\Installer,AlwaysInstallElevated,,,,0,0,=,High
V-63333,"Administrative Templates: Windows Components","Windows Logon Options: Sign-in and lock last interactive user automatically after a restart",Registry,,HKLM:\SOFTWARE\Microsoft\Windows\CurrentVersion\Policies\System,DisableAutomaticRestartSignOn,,,,0,1,=,Medium
V-68819,PowerShell,"Turn on PowerShell Script Block Logging",Registry,,HKLM:\Software\Policies\Microsoft\Windows\PowerShell\ScriptBlockLogging,EnableScriptBlockLogging,,,,0,1,=,Medium
V-230220,PowerShell,"Turn on PowerShell Transcription",Registry,,HKLM:\Software\Policies\Microsoft\Windows\PowerShell\Transcription,EnableTranscripting,,,,0,1,=,Medium
V-63335,"Administrative Templates: Windows Components","WinRM Client: Allow Basic authentication",Registry,,HKLM:\Software\Policies\Microsoft\Windows\WinRM\Client,AllowBasic,,,,1,0,=,High
V-63339,"Administrative Templates: Windows Components","WinRM Client: Allow unencrypted traffic",Registry,,HKLM:\Software\Policies\Microsoft\Windows\WinRM\Client,AllowUnencryptedTraffic,,,,1,0,=,Medium
V-71763,"Administrative Templates: Windows Components","WinRM Client: Disallow Digest authentication",Registry,,HKLM:\Software\Policies\Microsoft\Windows\WinRM\Client,AllowDigest,,,,1,0,=,Medium
V-63347,"Administrative Templates: Windows Components","WinRM Service: Allow Basic authentication",Registry,,HKLM:\Software\Policies\Microsoft\Windows\WinRM\Service,AllowBasic,,,,1,0,=,High
V-63369,"Administrative Templates: Windows Components","WinRM Service: Allow unencrypted traffic",Registry,,HKLM:\Software\Policies\Microsoft\Windows\WinRM\Service,AllowUnencryptedTraffic,,,,1,0,=,Medium
V-63375,"Administrative Templates: Windows Components","WinRM Service: Disallow WinRM from storing RunAs credentials",Registry,,HKLM:\Software\Policies\Microsoft\Windows\WinRM\Service,DisableRunAs,,,,0,1,=,Medium
